Token,ObjectType,TokenType,HighValueReason,KnownLabel
HV_PRINCIPAL_0fbbcd8d27437b47adefe006,group,HV_GROUP,Tier 0 membership,
HV_PRINCIPAL_bb28042d666c222e5c1dfacd,user,HV_PRINCIPAL,PKI administration,
HV_PRINCIPAL_e98deb092e0db60091957b60,user,HV_PRINCIPAL,Delegated control plane,
HV_PRINCIPAL_ac4789d5df2462abb573bea1,group,HV_GROUP,Tier 0 membership,
HV_PRINCIPAL_e967f1be207eaee1554159d5,user,HV_PRINCIPAL,PKI administration,
HV_PRINCIPAL_576c400c8e77d9e6dea04be0,user,HV_PRINCIPAL,Delegated control plane,
HV_PRINCIPAL_cb4e6dd1d4554adf1b0966e8,group,HV_GROUP,Tier 0 membership,
HV_PRINCIPAL_0e96efb56923a405c89a4578,user,HV_PRINCIPAL,PKI administration,
HV_PRINCIPAL_f9bcea1b2c136a66c99be9bb,user,HV_PRINCIPAL,Delegated control plane,
HV_PRINCIPAL_336ca26ad63c211a4196560d,group,HV_GROUP,Tier 0 membership,
HV_PRINCIPAL_987239c0510ef8d2203f712c,user,HV_PRINCIPAL,PKI administration,
HV_PRINCIPAL_88120f838dff74883a275bff,user,HV_PRINCIPAL,Delegated control plane,
HV_PRINCIPAL_548ab9a40965106e5e1ed259,group,HV_GROUP,Tier 0 membership,
HV_PRINCIPAL_b1c18c0acd3205367d83ff3d,user,HV_PRINCIPAL,PKI administration,
HV_PRINCIPAL_db9a6a49ce13716a56b461c1,user,HV_PRINCIPAL,Delegated control plane,
HV_PRINCIPAL_d588d2575fc2ce260452e313,group,HV_GROUP,Tier 0 membership,
HV_PRINCIPAL_8ed0a6dd9bf8454cf5dbc8fa,user,HV_PRINCIPAL,PKI administration,
HV_PRINCIPAL_b92961c8c016c293b8d66fc6,user,HV_PRINCIPAL,Delegated control plane,
HV_PRINCIPAL_a7f1638dfbf67292312eb308,group,HV_GROUP,Tier 0 membership,
HV_PRINCIPAL_536e896e1a959dbe29e65c46,user,HV_PRINCIPAL,PKI administration,
HV_PRINCIPAL_792a4d0cf85b7573252c2535,user,HV_PRINCIPAL,Delegated control plane,
HV_PRINCIPAL_07d28308b8cfc144992f73ab,group,HV_GROUP,Tier 0 membership,
HV_PRINCIPAL_6e8af7724eb62700d367bd8e,user,HV_PRINCIPAL,PKI administration,
HV_PRINCIPAL_35335d89c7d94bc114b793d3,user,HV_PRINCIPAL,Delegated control plane,
HV_PRINCIPAL_656e2a6c838bbc2cd86e3ea4,group,HV_GROUP,Tier 0 membership,
HV_PRINCIPAL_89edb4df07572ce3e4e0b98d,user,HV_PRINCIPAL,PKI administration,
HV_PRINCIPAL_c61b5c19fad3671f339c6030,user,HV_PRINCIPAL,Delegated control plane,
HV_PRINCIPAL_68839a4dfd7b9be0953f2923,group,HV_GROUP,Tier 0 membership,
HV_PRINCIPAL_1e3ba6da8b5c6d47c041a267,user,HV_PRINCIPAL,PKI administration,
HV_PRINCIPAL_09492e63467275f8e12c6e14,user,HV_PRINCIPAL,Delegated control plane,
HV_PRINCIPAL_9a152caccf8367cf88c65378,group,HV_GROUP,Tier 0 membership,
HV_PRINCIPAL_994db87a23ae233ff32e9d00,user,HV_PRINCIPAL,PKI administration,
HV_PRINCIPAL_3f00499cbbdc96d58f735d62,user,HV_PRINCIPAL,Delegated control plane,
HV_PRINCIPAL_a68857a0c5ba5461bb172398,group,HV_GROUP,Tier 0 membership,
HV_PRINCIPAL_fd4655dbdf448df4afc09650,user,HV_PRINCIPAL,PKI administration,
HV_PRINCIPAL_b23cf533ed582dfb9a4633ff,user,HV_PRINCIPAL,Delegated control plane,
HV_PRINCIPAL_aa0c8dbec2126b928d2f65d1,group,HV_GROUP,Tier 0 membership,
HV_PRINCIPAL_dedc29865345b21cd2b1d8e9,user,HV_PRINCIPAL,PKI administration,
HV_PRINCIPAL_d8e3c5593747b969d391eec8,user,HV_PRINCIPAL,Delegated control plane,
HV_PRINCIPAL_0cb6ca27d5641ab338b090da,group,HV_GROUP,Tier 0 membership,
HV_PRINCIPAL_5d256c4b4cdb9a3359179028,user,HV_PRINCIPAL,PKI administration,
HV_PRINCIPAL_b4bfe5aab901d0e5094f01a2,user,HV_PRINCIPAL,Delegated control plane,
HV_PRINCIPAL_b941afe8a3a2b6ac8ffc3327,group,HV_GROUP,Tier 0 membership,
HV_PRINCIPAL_8947a7d7b880673804c6473b,user,HV_PRINCIPAL,PKI administration,
HV_PRINCIPAL_ad0755aff055efd21d784c09,user,HV_PRINCIPAL,Delegated control plane,
HV_PRINCIPAL_7e4a4fc64c98de7b3623eb2c,group,HV_GROUP,Tier 0 membership,
HV_PRINCIPAL_3ff997d7afdf1383b883c2b5,user,HV_PRINCIPAL,PKI administration,
HV_PRINCIPAL_df4e963f36720e350df5ad8b,user,HV_PRINCIPAL,Delegated control plane,
HV_PRINCIPAL_8b78d60b50af3bd4921f5f88,group,HV_GROUP,Tier 0 membership,
HV_PRINCIPAL_050329b82c059380b78be60e,user,HV_PRINCIPAL,PKI administration,
HV_PRINCIPAL_5947102b6a8fd9de524a0bed,user,HV_PRINCIPAL,Delegated control plane,
HV_PRINCIPAL_532adcaf9a23b38c07798780,group,HV_GROUP,Tier 0 membership,
HV_PRINCIPAL_df9a2b438368b66fbcfd7a5b,user,HV_PRINCIPAL,PKI administration,
HV_PRINCIPAL_90342767ac997ef3000f8991,user,HV_PRINCIPAL,Delegated control plane,
HV_PRINCIPAL_084bf42513bf87b7467a7bc2,group,HV_GROUP,Tier 0 membership,
HV_PRINCIPAL_086c2cae81ee92da8af8d6c8,user,HV_PRINCIPAL,PKI administration,
HV_PRINCIPAL_302f19a8cba1e443b1f31164,user,HV_PRINCIPAL,Delegated control plane,
HV_PRINCIPAL_b6cc40247cc907e8e56506bf,group,HV_GROUP,Tier 0 membership,
HV_PRINCIPAL_6423df4ee48120994b63055a,user,HV_PRINCIPAL,PKI administration,
HV_PRINCIPAL_802ddf673e41cd3b77651c18,user,HV_PRINCIPAL,Delegated control plane,
